domain,cluster
kawasaki-center-koeln.de,6
budget.bg,7
greatplacetowork.co.il,3
mazda-autohaus-goedde-meschede.de,8
habitatcoosavalley.org,9
bestdrive.se,7
pkfuae.com,0
aon.lt,3
allbranded.de,7
spitexlauchetal.ch,5
freseniuskidneycare.au,1
statkraft.nl,2
freseniusmedicalcare.ca,1
gjw-mv.de,1
daikin.si,6
statkraft.co.uk,2
culliganmarlette.com,2
tupperware.nl,1
mateco.ro,1
miniso.nc,7
toyotaderinderekocak.com.tr,0
tbwa.co.nz,6
dennert.pl,2
edenred.fi,1
spitex-gaeu.ch,5
pakuacanada.com,7
aamcowalnutcreekca.com,4
aamcochino.com,4
cyclecarriage.com,9
cvjm-hemer.de,9
mazda-autohaus-hansmann-kassel.de,8
miniso.ge,2
aamcospokanevalleywa.com,4
kia-jaeger-bevern.de,1
aamcoflagstaff.com,4
thelocal.dk,2
myfamily.ca,1
aamcoredlandsca.com,4
mazda-autohaus-abs-erlangen.de,8
whirlpoolservice.co.uk,3
mariagefreres.co.jp,7
veolia.fr,2
culliganjanesville.com,2
avia.hu,3
decathlon.ro,7
aamcowintervillenc.com,7
isuzu.net.my,1
esseskincare.sg,7
intersport-lesrousses.com,0
aeccglobal.ng,6
desjoyaux.co.uk,9
crif.com.tr,9
spitex-region-kreuzlingen.ch,5
howdenagents.gr,9
aamcobradenton.com,4
orange.sn,1
veolia.ma,2
svnefird.com,7
keika-c.ed.jp,7
toyotaboranlar.com.tr,0
subarutijuana.mx,1
vbh.hr,1
algeco.at,1
budatec.de,7
patheon.com,1
engie.sk,9
vettersculliganwater.com,2
daikin.com.vn,9
harigmfg.com,1
toyota-bauer.at,0
murrelektronik.fr,2
entergynewsroom.com,9
babgencel.de,7
culliganofwestbranch.com,2
repsol.pe,7
mazda-autohaus-hamester-hamburg-bergedorf.de,8
ophitusa.com,1
vitalsauna.eu,1
attijariwafabank.com.eg,3
infiniti.com.pa,7
aamcoarlington-pantego.com,4
carglass.dk,1
airbnb.co.kr,7
ardex-france.fr,0
cdlcuritiba.org.br,1
eurofins.at,7
freseniuskidneycare.asia,9
mazda-autohaus-fritsche-grossschoenau.de,8
pkf.pt,2
dilmahtea.co.uk,7
pirtek.be,2
toyotakar.com.tr,0
aamcohagerstownmd.com,4
aamcoparkvillemd.com,4
culligandesmoines.com,0
daikinqatar.com,6
globalconnectgroup.com,0
mazda-autohaus-schindlbeck-straubing.de,8
propertyfinder.com,3
aamcooklahomacity-northwest.com,4
bestdrive.pl,6
designpluz.com,3
kia-auto-center-weiterstadt.de,1
modshair-hannover.de,9
daikin.eu,6
manpowergroup.dk,0
allianz-handwerker.de,9
cfmotobenelux.eu,9
aamcotemeculaca.com,4
jungheinrich.co,9
yves-rocher.at,0
berlitz-bahrain.com,7
aamcohackettstown.com,4
airbnb.ba,7
bauder.rs,6
filterteknik.dk,1
gs1hu.org,2
moorestoke.co.uk,1
aamcomorrisvillepa.com,4
nidek.com,0
aliaxis.gr,9
julis-rhein-berg.de,1
murrelektronik.es,2
menschenfuermenschen.at,1
remax-pinneberg.de,7
julis-sh.de,1
culliganwaterbillings.com,2
bakertillymlt.se,6
howdenoze.pl,1
mazda-autohaus-friedmann-steinfeld.de,8
aireonepeel.ca,7
autosecuritas-passins.fr,6
mercyships.se,7
worldvision.org.sv,1
culliganofidaho.com,2
synlab.cz,9
pkfgf.co.nz,2
inductotherm.ca,9
cedstone.ca,0
canon.com.br,6
mazdabali.co.id,0
glamsmile.be,2
siebtechnik-tema.com.au,3
rubiomonocoat.com.au,7
apexdynamicsgermany.de,7
mazda-autohaus-haeusler-fuerstenfeldbruck.de,8
culliganmarion.com,2
asendia.se,0
veolia.pl,2
mazda.nl,2
savethechildren.org.ph,6
ibc-solar.cz,0
toyotacetas.com.tr,0
renault.dk,7
intersport-risoul.com,0
mazda-autohaus-kilger-regen.de,8
renault.jo,7
kuestarubber.com,1
mazda-autohaus-mork-rockenhausen.de,8
intersport.dk,9
subaruvilnius.lt,9
worldvisionmexico.org.mx,1
rsmthailand.com,1
equans.hu,1
pkfcabrera.com,0
aamcooklahomacity-edmond.com,4
honda-pirola.com,1
veolia.com.gh,2
veoliawatertechnologies.de,2
axa-assistance.pl,7
thebodyshop.fi,9
softland.com.mx,0
ford.dn.ua,7
nutricia.pt,9
scholpp.it,1
victorsport.com.tw,1
esseskincare.se,3
besins-healthcare.nl,1
subway.com.my,2
baywa-re.fr,1
bbraun.ph,7
mazda-autohaus-kaschmieder-waren.de,8
ecslupsk.pl,0
benu.lv,1
santanderconsumer.no,9
toyotaaydogan.com.tr,0
aeccglobal.my,6
culliganatlanta.com,2
msmode.de,6
spitexgaiserwald.ch,5
santander.pt,0
svnvanguardla.com,1
mitsubishi-motors.at,1
job-impulse.es,7
culliganregina.com,2
aiesec.org.es,9
hawaiifamilydentalcareers.com,9
pkfmalta.com,2
rexel.se,6
aonhewitt.com.cy,1
gs1bg.org,7
cinnabon.co.za,6
ikea.es,0
pkfcs.co.nz,2
servier.co.za,7
salvationarmy.org.uk,7
gjw-sachsen.de,1
synergie.com,1
titancontainers.fr,7
toyotamezcar.com.tr,0
dfcapital-investors.com,9
ecochillers.net,6
mazda-autohaus-henn-weilamrhein.de,8
mapfre.com.uy,0
naturesrewardcoloredcauliflower.com,0
spitexmuri.ch,5
planncosteels.com,1
greatplacetowork.mu,7
aonsolutions.com.cy,1
synlab.si,7
piccinifuels.it,7
cimbbank.com.vn,2
linde-gas.com,0
kia-penning-zetelneuenburg.de,1
spitexgossau.ch,5
prioritymanagementscotland.co.uk,9
bimedaus.com,1
rocatiles.com,7
grantthornton.com.ve,7
moore-czech.cz,1
budget.rs,1
krugerkaldnes.no,2
stawag-energie.de,7
aamcoglendalearrowhead.com,4
servier.ua,7
siebtechnik-tema.nl,3
toyotakuzen.com.tr,0
aamcomesacountryclub.com,4
ubicast.tv,0
foxinaboxbrisbane.com,9
berlitz-augsburg.de,1
aiesec.my,7
engie-refrigeration.de,9
aamcoastoria.com,4
worldvision.co,1
mazda-service-koch-ludwigsfelde.de,8
mitsubishielectric.se,1
veolia.cz,2
spie.lu,9
cinnabon.ca,7
titancontainers.co.uk,3
kia-guenther-dingelstaedt.de,1
kia-hoff-trier.de,1
aamcosignalhill.com,4
adecco.co.th,7
synlab.com.cy,7
aamcoeggharbortwp.com,4
mitsubishielectric.in,1
aamcospringfieldva.com,4
entergy-texas.com,9
culliganillinois.com,2
isover.at,1
daikin.al,6
culliganillinoisvalley.com,2
flashbay.ca,9
spitex-linth.ch,5
mazda-uae.com,6
isover.cz,0
chicco.pl,7
aamcotopekaks.com,4
eurofinsfoodtesting.nl,1
mazda-wroclaw-jaremko.pl,0
bigfootdigital.co.uk,7
lindt.com.au,0
decathlonkz.com,0
yves-rocher.de,0
invisalign.co.kr,7
hps-guns.de,0
mazda-wroclaw-wrobel.pl,0
culliganflint.com,2
medef-corse.com,1
avis.co.mw,0
demeter-im-westen.de,9
miniso-home.ro,7
toyotagoktepe.com.tr,0
bonprix.co.uk,2
bioderma.com,1
toyotayoruk.com.tr,0
cdviberica.com,0
bmw-motorrad-euromotos-lyon.fr,2
spitex-steinmaur-neerach.ch,5
santillana.com.co,1
mitsubishi-motors.pt,1
crif.cz,9
overheaddoorkalamazoo.com,0
mazdaofmidland.com,0
solutions30.nl,6
orange.cd,1
mazda-autohaus-mueller-plauen.de,8
mazda-autohaus-lohmann-kreuztal.de,8
top-system.com.mk,3
worldvision.org.uk,9
patheon.kr,1
ikea.com.tw,0
mazda-warszawa-nivette.pl,0
carglass.re,9
nikon.com.hk,7
bakertillylb.com,0
lindesaude.pt,1
pkfboston.com,2
chicco.ch,7
manpowergroup.cz,1
thebodyshop.lt,9
culligangeneva.com,2
johnsmedley.jp,7
kiamotors.com.co,1
aamcocapistranobeachca.com,4
hansa-flex.at,9
ford.if.ua,7
vkf-renzel.nl,7
culligankennewick.com,2
bioderma.sg,1
mazda-autohaus-eisele-langenau.de,8
mazda.gr,1
carglass.gr,9
tensar.com.cn,7
daikinlebanon.com,6
spitex-trevalli.ch,5
icafalinmobiliaria.cl,7
dulux.com.my,1
bimedasuramerica.com,1
caspak.co.nz,7
aamco-councilbluffs.com,7
kia-maier-cham.de,1
renaultinterlomas.com,7
altengt.com,1
alosindustrials.com,1
renaultbank.es,6
airbnb.nl,7
modern-heads.com,3
solatube.se,3
webster.nl,9
kiacoldlake.com,7
spitexstaefa.ch,5
benlomondinc.com,9
tbwa.co.za,7
nutricia.nl,9
kumon.com.pe,7
aamcoabingtonpa.com,4
sunnybrookprintshop.ca,1
mazda-autohaus-sturne-rochlitz.de,8
aamcophoenixcentral.com,4
mazda-bielskobiala-autogazda.pl,0
culliganlacrosse.com,2
gjw-nrw.de,1
azetsconsulting.no,7
linde-gas.nl,0
engieindia.com,9
misterwhat.pt,1
avon.co.mu,1
polarysgroup.eu,9
allianzpp.com,9
experian.com.my,6
kia-wandscher-oldenburg.de,1
bbraun.bg,7
vbh.hu,1
berlitz-dublin.ie,3
tryg.com,0
einhell.dk,1
mazda-autohaus-banaszak-kleve.de,8
sitechnw.com,7
remaxcrystal.com,7
toyotagocmenturk.com.tr,0
bonprix.jobs,2
pragroup.no,1
santillana.com.pr,1
medef-seine-estuaire.fr,1
menicon.sg,2
ymcatriangle.org,2
avia.ch,1
ardex.eu,0
deheus.co.in,0
aamcolexingtoneast.com,4
flashmed-lb.com,0
pirtek.de,2
kia-suedmobile-radolfzell.de,1
equans.co,0
mazda-autohaus-suedring-datteln.de,8
aamcowashingtondc.com,4
servier.sk,7
toyota-niederberger.at,0
ebayglobalshipping.com,1
menicon.co.uk,1
humanasecondhand.se,1
bakertilly.cl,7
overheaddoorbrookfield.com,3
ibc-solar.co.za,0
aamcomurraysouthsaltlakecity.com,4
orange.sk,1
cdljatai.com.br,1
intersport-arc2000.com,0
cvjm-dettingen.de,0
spp.cz,7
wurth.com.do,9
aamco-omahanorth.com,7
aamcovancouver99.com,4
airbnb.cl,7
murrelektronik.sg,2
airbnb.jp,7
allianz.is,0
kia-koenig-teltow.de,1
aamcopuyallupwa.com,4
bauermedia.no,7
culliganchicago.com,2
altenusa.com,1
intersport.sk,9
pirtek.nl,9
aamcoglendaleca.com,4
daikin-manufacturing.de,6
wurth.kz,1
honda-lemans.com,1
mercyships.dk,1
honda-metz.com,1
engie.pt,9
aliaxis.pl,9
bbraun.pe,7
aamcobloomfield.com,4
culliganquadcities.com,2
aamcobaltimore-pulaskihwy.com,4
euromaster.cz,7
rubiomonocoat.com.pl,7
mazda-autohaus-wilk-kaczmarek-schwerin.de,8
aamcolexingtonparkmd.com,4
starkeypro.com.au,0
renaultcoatzacoalcos.com.mx,7
vbh.com.es,1
ford.pl.ua,7
adra.ca,0
ovb.gr,1
bbraun.co.uk,7
howdentiger.com,9
lww.co.uk,1
mazda-autohaus-brutschin-lenzkirch.de,8
spie.be,9
glintinc.com,1
mazda-autohaus-rausch-dresden.de,8
mazdademagog.com,0
renaultsancosme.com.mx,7
flashbay.pt,9
nobleprog.com.ng,7
wurth.pe,1
spitex-flawil-degersheim.ch,9
murrelektronik.kr,2
abilways.be,1
culliganwatercorrections.com,9
greatplacetowork.fr,7
mazda-autohaus-ruettiger-wallduern.de,8
dysartsservicecenter.com,1
honda-montpellier.com,1
metlife.com.au,1
adecco.rs,3
aamconorthtampa.com,4
educab.com.au,9
hyundaichullora.com.au,7
nordicpharma.ch,6
mersen.com.tr,7
avia-unimot.com.ua,1
toyota-s.co.il,7
bakertilly.vg,0
modshair-bielefeld.de,9
pkflesotho.com,2
pefc.org,9
mazda-autohaus-albstadt-auto-domicil-ebingen.de,8
despat.com,1
aamcooflascruces.com,9
gs1mt.org,7
bluecardagency.ru,7
spitex.sg,5
honda-limoges.com,1
siebtechnik-tema.co.uk,3
komoder.co.uk,9
cdlvitoria.com.br,1
cinnabon.com.tr,7
budget.com.do,4
avia.nl,9
saint-gobain-solutions.nl,1
infiniti-jordan.com,7
spitex-kriens.ch,0
trinkgutlippstadt.de,3
cvjm-pfalz.de,9
honda-marseille.com,1
moore.es,9
pkf.ch,2
saint-gobain.ru,6
airbnb.com.vn,7
renaulttepic.mx,7
tanameracoffee.com,1
bakertilly.pk,0
isic.it,9
daikin.com.mx,2
axa.be,7
intersport-martinique-guadeloupe.fr,1
atalian.lu,9
toyotabeerens.be,0
mersen.it,7
minisocr.com,7
wurthsaudi.com,6
ecaas.com,0
medef41.fr,1
pearson.com.hk,0
lindt.com.mx,0
aamcosouthtampa.com,4
luxaflexproject-scandinavia.com,3
servier.cz,7
daikindevice.cz,6
allianz.sg,0
extremeadventureraces.com,7
daikin.ch,6
airbnb.be,7
nobleprog.ro,7
wwf.at,7
toofacedcosmetics.jp,7
culliganbrighton.com,2
krautzberger.pl,1
greatplacetowork.gr,7
gs1sk.org,7
aamcowoodstock-mainst.com,4
culligannc.com,2
culliganwt.com,2
culliganwatercolorado.com,2
landermitsubishi.com.au,1
engie.co.uk,0
msig-asia.com,9
janegal.sk,1
asendia.es,0
adeccojapanese.asia,7
santander.com.uy,9
aamcotransmissionsknoxville-kingstonpike.com,4
jungheinrich.com.my,9
mazda-service-metz-marne.de,8
isover.ua,1
santanderconsumer.fi,9
affresco-decor.com,7
atalian.rs,9
ikea.ee,0
bbraun.pt,7
rotary6450.org,7
murrelektronik.hu,2
subway-franchise.fr,2
kia-ebner-baienfurt.de,1
besins-healthcare.se,1
gs1.dk,9
furuno.co.uk,7
toyotaelpa.com.tr,0
nikon-mea.com,7
virtual-reality.school,7
bbraun.hu,7
manpowergroup.com.sg,0
toyotacavdarli.com.tr,0
hannainst.hr,1
aquatherm-belux.be,9
processcommunicationmodel.sk,1
isover.sk,0
crocs.ch,1
daikinkuwait.com,6
hertz.com.do,1
bosch-homecomfort.com,7
esseskincare.dk,0
culliganhoriconwatertown.com,2
affidea.ro,3
pilotpen.eu,9
ymcatoledo.org,9
boschautopartes.mx,7
mazda-autohaus-ahb-gotha.de,8
pefc.be,9
autosecuritaslemoule.fr,6
mazda-autohaus-born-ludwigslust.de,8
kumon.com.co,7
komoder.md,9
avon.com.sa,9
savethechildren.ca,7
medef-vendee.fr,1
crocs.com.pe,1
decathlon.ch,7
funiber.org.uy,7
zkteco.me,0
greatplacetowork.co.ke,7
wordans.it,1
aamcosantaanaca.com,4
bakertilly.ky,0
julis-bremen.de,1
santander.de,0
affinitynonprofits.com,9
mitsubishi-motors.fi,1
titancontainers.com.tr,7
nissantireadvantage.com,7
spitex-oberthurgau.ch,5
edenredrewards.co.in,1
aeccglobal.co.id,0
experian.in,6
bonprix.ch,2
secureparking.com.lb,7
bbraun.co.th,7
msd-animal-health.dk,6
grantthornton.tn,7
budgetoman.com,7
veolia.be,2
steelhousegroup.ee,7
buydaikin.ro,1
secureparking.com.kh,1
mazda-autohaus-moellenkamp-rheine.de,8
vans.com.au,1
mazda-autohaus-tillack-perleberg.de,8
aliaxis.bg,9
vivaconagua.at,3
krofian.de,1
job-impulse.mx,7
ibc-solar.jp,0
boschautoparts.com,7
carlsjr.com.sg,9
gjw-bb.de,1
aamconorthridgeca.com,4
aamcophoenixnortheast.com,4
durableonline.com.sg,0
bosch-homecomfortgroup.com,7
petercem-sensors.com,3
tridentseafoods.jp,1
plameco-rheinsieg.de,3
aamcopompanobeach.com,4
pefc.se,9
rockvalleyculligan.com,2
toyotaer.com.tr,0
rheine.schule,1
mazda-tarnowskiegory-mirai.pl,0
mazda-autohaus-thoss-falkenstein.de,8
airbnb.rs,7
vkf-renzel.co.uk,7
murrelektronik.in,2
zhcpa.cn,1
nissanmanufacturing.com,7
bakertilly.sl,0
wuerth-ag.ch,1
sprachschule-aktiv-basel.ch,1
synlab.com.tr,7
honda-lille.com,1
bakertilly.gi,0
fmc-mexico.com,7
elizabetharden.tw,1
designmehair.cz,7
laborelec.com,7
julis-mfr.de,1
kia-gj-remagen-rolandseck.de,1
europa-union-niedersachsen.de,9
aamcotempe.com,4
remax-buchholz.de,7
airbnb.am,7
synlab.by,7
aamcolakeworth.com,4
bowlero.mx,7
decathlon.hu,7
veolia.in,2
toyotaotojen.com.tr,0
santillana.com.bo,1
ardex.de,0
spitex-freiamt.ch,5
kilewswest.com,7
mazda-autohaus-schreier-biebergemuend-bieber.de,8
portadoors.com,1
culliganheartland.com,2
wuerth.dk,1
pragroup.se,1
bbraun.ro,7
reedglobal.hu,1
eurofinsfoodtesting.com,1
gs1.at,0
aamcogolflinks.com,4
algeco.ro,1
aamco-duluthga.com,4
culliganofofallon.com,2
ymcatrivalley.org,9
astreitalia.it,7
bakertilly.dk,0
affidea.ba,9
servier.ge,7
culliganmoseslake.com,2
servier.ru,2
kia-hotz-gardelegen.de,1
inductothermgroup.jp,9
aamcovinelandnj.com,4
plameco.at,1
mcdonalds.md,0
axa.ad,2
aamcosandiego-missionbay.com,4
veolia.cn,2
europa-union-sachsen-anhalt.de,9
ohb-system.de,7
linexranchocordova.com,6
sprachcaffe-muenchen.com,1
atalian.sg,9
aamcosantarosa.com,4
mazda.bg,1
crocs.com.uy,1
daikin.az,6
funiber.ma,7
manpowergroup.pt,0
matutis.de,7
hyundaiblacktown.com.au,7
synlab.de,9
solatube.no,3
skodanews.de,7
gs1lt.org,3
wedos.com,0
mazda-autohaus-schmidt-grossenhain.de,8
pkf.dk,2
dahmira.kz,7
baywa-re.co.kr,1
globalconnectcarrier.com,9
airbnb.ca,7
aamcobakersfield-unionave.com,4
subway.ru,1
aliaxis.be,9
meggle-foodingredients.de,3
culliganwatertreatment.com,2
domcortraffic.ca,9
wuerth.bg,6
bakertilly-ca.com,6
ebay.fr,6
trulynolenrecife.com.br,3
roca.ro,7
bioderma.ec,1
daikinuae.com,6
rotaryclubmedellin.org,6
amnesty.ie,3
mazda-autohaus-haese-erkrath-hochdahl.de,8
aamcoofupland.com,4
sothebysrealty.ae,7
sprachschule-aktiv-passau.de,1
aamcomcdonoughga.com,4
mazda-autohaus-sturne-grimma.de,8
modshair-koeln-lindenthal.de,9
culliganromeo.com,2
bbraun.be,7
avis.nc,1
grantthornton.com.sv,7
aeccglobal.vn,6
amway.it,1
eresrelocation.es,9
pingusenglish.vn,2
hyundaitgv.ro,7
toyota-ulrichshofer.at,0
bioderma.com.hr,1
actemium.nl,3
solidea.co.za,7
daikin-korea.co.kr,9
infiniti.mx,7
aamcohemetca.com,4
saint-gobain.ar,1
daikin.fi,6
mazda-autohaus-berlenbach-bergischgladbach.de,8
decathlon.cz,7
renault-argenteuil.fr,7
hertz.yt,1
toysrus.com.sg,1
heliosstrategia.pl,9
aamcoanaheim.net,4
johcm-ukconference.com,9
tts-group.at,7
isic.fr,9
metagenics.co.jp,7
kia-brueggemann-neubrandenburg.de,1
daikin.rs,6
carglass.ma,1
mazda.lt,6
avisng.com,7
avis.cr,1
wurth.ua,1
wuerth.com.hr,1
remax-lueneburg.de,7
metlife.com.tr,1
deheus.id,0
steinbacher.pl,3
nordicpharma.es,6
grantthornton.az,7
pkfjnd.com,2
kia-bender-coburg.de,1
shopee.in,9
kia-burian-celle.de,1
intersport-arvieux.com,0
aamconsa.com,7
tbwa-entelia.com,1
gjwnwd.de,1
teknoware.ae,9
faacentrancesolutions.be,1
protectourwinters.de,7
peugeot.sk,0
spitex-oberfreiamt.ch,5
mazda-autohaus-engelbart-delmenhorst.de,8
fleishmanhillard.cn,1
wurth.rs,6
solatubescotland.co.uk,7
aamcotulsa-brokenarrow.com,4
bonprix.se,2
kia-strehle-dresden.de,1
carglass.hr,1
aamcokansascitysouth.com,6
renaultdelsol.com.mx,7
europa-union-thueringen.de,9
amnesty.se,7
experianidworks.com,7
airbnb.fr,7
sans-sans.com.my,7
analytik-jena.fr,7
sprachschule-aktiv.de,1
kawasaki-seufert.de,6
venaenergy.co.jp,3
julis-stuttgart.de,1
aamcoerlanger.com,4
culliganfresnolindsay.com,2
isic.de,9
mercyships.de,1
einhell.cz,1
aamcoypsilantimi.com,7
airbnb.com.br,7
pirtek.at,2
rationalstock.es,9
mitsubishi-motors.it,1
rotary.no,7
servier.it,7
toysrus.com.my,1
bioderma.it,1
rotary-bulgaria.org,6
toyota-handler.at,0
tapflo.by,1
kiwiqa.com.au,0
advocarenewbornnetwork.com,6
spitexzh.ch,5
culliganphoenix.com,2
santanderuniversidades.com.mx,7
thebodyshop.lv,9
aamcoroanokeva.com,4
aamcocollegestationtx.com,6
pixibeauty.co.uk,1
aamcofrederickmd.com,4
mersen.es,7
spie-wirliebenkabel.de,3
vetpartners.fr,0
mazda-autohaus-fenzl-hauzenberg.de,8
nordicpharma.be,6
future-x.at,7
keasyfit.it,2
sto-ukraine.com,1
insize.com.br,6
habitatstl.org,9
telehouse.co.th,1
spie-ics.com,7
kia-telke-badschlema.de,1
culliganofnashville.com,2
toyotasamlioglu.com.tr,0
veolia.com.sg,2
honda-meaux.com,1
murrelektronik.sk,2
greatplacetowork.pl,7
greatplacetowork.com.vn,7
rotaryclubofessex.com,7
aamcopasadenatx.com,4
spitex-romanshorn.ch,5
pkf.swiss,2
nikon.com.sg,7
servier.co.th,7
compassion.es,9
sompo-intl.com,0
amtrakvacations.com.au,9
aamcodallastx.com,7
aamcoroundrocktx.com,4
lamborghini-rotterdam.nl,6
bbraun.co.za,7
toysrus.pt,7
linde.ch,7
murrelektronik.uk,2
msd-animal-health.pt,6
adlatus-nordwestschweiz.ch,0
nordicpharma.nl,6
crocs.pl,1
subwayburbank.com,1
hyundaigatineau.ca,0
aiesec.cl,7
jungheinrich.cn,9
aamcophilly-frankfordave.com,4
orbico-kenoanyagok.hu,9
tapflo.nl,1
culliganuppercumberland.com,2
kokuyo-furniture.com.my,7
nobleprog.mx,7
rexel.it,1
flashbay.co.nz,9
myplumberca.com,7
mazda-autohaus-blank-dinkelsbuehl.de,8
jungheinrich.co.th,9
affidea.gr,9
plastoplan.si,9
nutriciavoorjou.nl,2
avis-tahiti.com,7
chip.pl,1
logicvapes.co.uk,7
bakertilly.ec,7
thelab.id,7
aamcotulsa-memorial.com,4
culligantucson.com,2
bakertillyeg.com,0
modshair-koeln-city.de,9
kia-trinkle-schorndorf.de,1
aamcowoodbridgeva.com,4
advantisengineering.com,1
eurochem-na.com,0
aamcogaithersburgmd.com,4
mazda.com.ec,8
kuraray.us.com,3
gulf.no,3
edenred.com.uy,9
toyotacommonwealth.com,7
experian.com.sg,6
countryroadsford.net,0
mazda-autohaus-kopke-bendel-marl.de,8
aamcoathensga.com,4
bbraun.fi,7
le-tech.co.uk,9
urmet.com.br,9
toyotahizel.com.tr,0
wuerthmarket.ru,1
culliganporthuron.com,2
mercyships.fr,1
howdengroupholdings.com,9
renault-tessenderlo.be,7
renaultsprings.co.za,0
pingusenglish.my,2
airbnb.com.bo,7
subaru.jp,1
foxinaboxzutphen.com,9
aamcoreno.com,7
grantthornton.sk,7
kia-bandung.com,9
servier.pt,7
cvjm-gomaringen.de,9
bbraun.co.in,7
chicco.com.ua,0
customneon.com.au,0
pkfboi.nz,2
honda-caen.com,1
metlife.com.cy,1
misterwhat.de,1
aamcovictorvilleca.com,4
bosch-wohnungsgesellschaft.de,7
synlab.com.gh,7
pkfve.com,2
richs.co.uk,0
aamcohialeahfl.com,4
bonprix.fi,6
kewpie.com.sg,3
aamcogreensburgpa.com,6
salvationarmyconcordca.org,0
minisouruguay.com.uy,7
rcchurch.com,7
infiniti.com.do,7
cvjm-augsburg.de,9
ebay.com.hk,6
europa-union-kassel.de,9
amnesty.eu,1
kumonla.com,7
shimadzu-la.com,7
europa-union-bremen.de,9
tupperware.co.kr,6
mazda-autohaus-lackmann-sendenhorst.de,8
adra.org.pe,0
eca-serel.de,1
actemium.pt,1
kiacowansville.com,1
gulfoilltd.com,1
hondamurcia.com,1
wurth.co,9
aamcomorristown.com,4
yord.pl,1
skoda-clermontferrand.fr,7
trulynolengoias.com.br,3
hsusports.com,0
baywa-re.pl,1
engieservices.us,0
bbraun.com.py,7
airbnb.dk,7
aamcocorvallisor.com,4
vectorinfotech.my,9
aamcoranchocucamonga.com,4
stora-drain.be,0
unglobalcompactghana.com,7
renault-materom.ro,9
overheaddoormankato.com,2
nordicpharma.de,6
bioderma-sk.com,1
axa.dz,0
ymcalouisville.org,9
mazda-warszawa-bemomotors.pl,0
culligansouthwest.com,2
trulynolenbarueri.com.br,3
spitex-wyland.ch,5
promstahl.de,0
linexcoloradosprings.com,9
bimeda.ie,1
aeccglobal.lk,6
renault-beaulieu.fr,6
amphenolaudio.com,3
monster.co.uk,9
toyotasouthern.com,7
toyota.com.la,6
toyota-marseille.com,0
uxbistart.com,9
narscosmetics.fr,7
mazda.de,2
yonyou.com.hk,7
aamcowarrenmi.com,7
pkfcr.co.nz,2
crocs.cl,9
mazda-autohaus-doerenkaemper-bad-hersfeld.de,8
vkf-renzel.dk,7
tupperwarefiesta.com,1
spitex-waedenswil.ch,5
toyota-buchreiter-eisenstadt.at,0
algeco.sk,1
modshair-nuernberg.de,3
implantcenter-dentistry.co.uk,9
toyotaalbay.com.ph,1
mazda-autohaus-hansmann-melsungen.de,8
ymcaup.org,9
aamcobakersfield-whiteln.com,4
autosecuritas-tallard.fr,6
culliganchampaign.com,2
aleris-pp.dk,0
renault-chihuahua.com,7
spitex-buchs.ch,9
kia-moeller-wunstorf.de,1
duracell-me.com,1
toyotaaykon.com.tr,0
yves-rocher.pt,7
lyspoland.pl,1
nobleprog.ae,7
kia-ci.com,1
amnestyghana.org,1
aamcopasadenaca.com,4
inductotherm.com.tr,9
warmupdeutschland.de,7
aamcosurprise.com,4
louisdepoorterestore.com,0
plameco-bonn.de,7
spitexniesen.ch,5
lindt.at,0
aamcocharlottesville.com,4
regalsprings.com.mx,7
linde-medica.es,1
servier.co.id,7
pkf-dominicana.com,2
aamcoalbuquerque.com,4
fleishmanhillard.com.br,1
vkf-renzel.hu,7
mazda-autohaus-trumpf-wimmelburg.de,8
landi.swiss,1
allthingswater.com,2
sackit.no,0
mazda-autohaus-stiefel-muehlacker.de,8
pingusenglish.ac.th,7
veolia.ca,2
lvs-oxford.org.uk,1
mazda.co.za,0
isover.ie,7
culliganwaternebraska.com,2
cleijsenautoschadegoirle.nl,9
reedglobal.bg,1
culliganreno.com,2
kia-fischer-muenchberg.de,1
cubcadet.fr,1
pkfthailand.asia,7
bbraun.no,7
aamcowsa.com,7
mapfre.pr,0
flesan.com.pe,1
cinnabon.mx,0
actemium.co.uk,1
servier.pl,7
sitech-ohio.com,1
toyotanatas.com.tr,0
aamcosilverspringmd.com,4
actemium.com,1
avispl.de,7
mazda.ph,3
thebodyshop.com.tr,9
honda-strasbourg.com,1
toyota-evreux.fr,1
statkraft.fr,2
linde.bo,0
diamond.co.id,7
allianzdarta.ie,9
pingusenglish.com,2
bbraun-vetcare.nl,7
mazda-autohaus-bayer-goessweinstein.de,8
mapfre.com.sv,0
arkaybeverages.com,1
synergie.pt,6
aamcohightstownnj.com,4
duracleanservices.net,1
linde-gas.es,0
mazda-autohaus-ubben-aurich.de,8
accelltherapy.com.au,7
toyota-bornholm.dk,0
airbnb.com.ro,7
mazda.com.tw,0
aamcopeoria-az.com,4
aiesec.org.rs,6
pilotpen.co.th,7
de-heus.nl,0
reedglobal.cz,1
mazda-press.com,6
heydudeshoes.es,7
engie-energia.pe,2
toyotaakten.com.tr,0
bauder.nl,6
worldvision.com.au,1
toyota-rambouillet.fr,1
alchemia-nova.net,7
spitex-grauholz.ch,5
pepsico.ru,0
murrelektronik.com.tr,2
culligangrandisland.com,2
einhell.nl,1
toyotaakkoyunlu.com.tr,0
pingusenglish.co.id,2
nobleprog.es,7
flashbay.hu,9
taylorfarmsdeli.com,2
julis-muenchen.de,1
fleishmanhillard.ph,1
medicover.de,9
gotchateausa.com,3
bbraun.ru,7
cargoriga.ee,7
culliganwaterburlington.com,2
mazda-poznan-voyager.pl,0
aamcostroudsburg.com,4
monster.se,9
bioderma.pl,1
fronticsamerica.com,6
msd-animal-health.co.nz,6
mazda-autohaus-schneider-sondershausen.de,8
santillana.com.pa,1
aamcomorganhill.com,4
toyotasarar.com.tr,0
inductothermgroup.com.br,9
aamcolawrencevillega.com,4
adra.pl,0
advocaremorristownpediatrics.com,6
fosterfarmsfoodservice.com,1
kawasaki-herzog.de,6
indiancancersocietybangalore.org,7
titancontainers.at,3
thelocal.fr,2
hendersonkyedc.com,2
vkf-renzel.fr,7
mazda-autohaus-weber-magdeburg.de,8
starbucks.in,7
furuno.fr,7
aamcoeastmesa.com,4
sofrecogroup.com,9
shopee.co.id,9
ikea.co.id,0
autosecuritas-ducos.fr,6
aamcotracyca.com,0
salvationarmy.org.sg,7
habitatbroward.org,0
flashbay.fi,9
crocs.co.nz,0
foxinaboxlondon.uk,9
hydroscand.co.ua,7
kia.co.mz,1
aamcowestbroward.com,4
aamcoblog.com,0
habitativ.org,1
bbraun.hr,7
honda-dijon.com,1
flashbay.com.my,9
carglass.ee,6
platingsystems.info,7
lamborghini-cannes.com,0
kia-moeller-eisenach.de,1
orient-food.sk,1
whirlpool.com.hk,7
renaultamericas.com.mx,7
reedglobal.com.mt,1
toyotatokullar.com.tr,0
hyrox.es,3
aamcoahwatukee.com,4
kia-plt.ru,7
meggle.it,9
bakertilly.sg,0
gulf.com.mk,1
aamcodovernj.com,4
nutrienagsolutions.ca,1
veolia.jp,2
veolia.ie,2
aiesec.ba,7
vivaconagua.org.za,9
subaru.com.tr,7
trulynolennatal.com.br,3
allianz.ma,9
toupret.ch,1
edf-re.com.au,9
tapflo.co.za,1
oil-testing.de,9
spitex-muellheim.ch,5
repsolsolgas.com,9
greatplacetowork.is,6
honda-nig.com,1
yves-rocher.se,0
stosignature.com,1
vbhtrgovina.si,1
vbh.be,1
murrelektronik.be,2
spitexkempt.ch,5
engiemiddleeast.com,9
immanuelalbertinen.de,6
fleishmanhillard.ie,1
daikinczech.cz,6
kia-gorny-eislingen.de,1
bakertilly.ci,0
toyotakocaelikaya.com.tr,0
murrelektronik.com.cn,2
zkteco.co.za,9
misterwhat-au.com,1
miniso-au.com,7
mercyships.be,0
servier.lv,7
kentmaster.nz,7
aamcowebstertx.com,4
ikea.com.hk,0
mazda-autohaus-hoeffner-clausen.de,8
aliaxis.hu,9
wwf.es,7
pkfcaribbean.com,2
grupointexa.co,6
sitechsolutions.com,3
papajohns.ma,6
spitexrontalplus.ch,5
savethechildren.it,9
spitex-zimmerberg.ch,5
msmode.es,6
greatplacetowork.com.tr,7
tenneco.co.jp,1
infiniti-abudhabi.com,7
aamcowilliamsportpa.com,4
andre-media.it,3
aliaxis.it,9
deheus.rs,0
funiber.it,7
shopee.com.mx,9
santillana.com.ar,1
duracleanrestoration.com,1
bakertilly.lv,0
mazda-automobile-weberpals-sonneberg-hoenbach.de,8
alten.ca,1
trijit.uk,9
kia-sauter-albstadt.de,1
hansa-flex.be,7
veolia.sk,2
smittysmb.ca,7
carlsjr.fr,1
dulux.ie,1
bakertilly.mt,1
algeco.cz,1
europcar.me,1
toysrus.com.bn,1
veoliawatertech.com,2
allianzim.com,7
mazda-autohaus-henseler-schwedt.de,8
aamcoeugeneor.com,4
grantthornton.bg,7
whisky.de,9
muvpropiedades.com.ar,0
edenred.com.ar,7
mazda-autohaus-richter-forst.de,8
mazda-warszawa-auto2000.pl,0
carglass.lt,1
renaultcancun.com.mx,7
mazda.al,1
bbraun.dk,7
mazda-autohaus-schindlbeck-schwandorf.de,8
promat.ch,7
nordicpharma.it,6
daikinmea.com,6
toyota.com.mt,2
savethechildren.mn,0
baywa-re.vn,1
aspenpharma.es,0
aamcometuchen.com,4
toyota.com.kh,6
indianmotorcyclesturgis.com,9
bakertilly.pt,0
funiber.us,7
rsmcanada.com,6
mazda.fi,6
aamcoorange.com,4
clearblueionizer.be,3
notairespirletboinet.be,1
bakertilly.lk,0
synergiejobs.at,1
globalconnect.de,0
cdvi.com,0
bcurelaser.co.il,0
einhell.ba,1
greatplacetowork.com.pe,7
crif.ch,9
flashbay.no,9
cdvi.de,0
honda.com.ng,0
toyotaploiesti.ro,1
yvesrocher.com.tr,0
svntrinity.com,0
mazda-autohaus-lehmann-senftenberg.de,8
trulynolenparaiba.com.br,3
dulux.co.zw,1
msmode.fr,6
intersport-courchevel1850.com,0
actemium.ca,1
veolia.fi,2
truemoney.com.vn,9
toyota-innviertel.at,0
vbh.lv,6
vkf-renzel.cz,7
spitex-emmen.ch,5
actemium.de,1
adra.org.rs,9
aamcopatchogue.com,4
toyotasonkar.com.tr,0
papajohnsquebec.ca,6
toyotabatangas.com.ph,7
servier.com.ph,7
hondaheritagecenter.com,1
aamco-corpuschristi.com,7
flashbay.fr,9
kia-diamant-wiesbaden.de,1
foxinabox.mx,9
buffalotours.es,2
metlife.cl,1
honda-larochelle.com,1
honda.com.hk,1
inductotherm.com.au,9
toolstationjobs.be,0
algordanza.com.au,7
pkf.co.uk,2
aamconewwindsor.com,4
chicco.fr,7
synergie.es,6
bbraun.co.kr,7
carglass.hu,1
spg-motoren.de,9
sixty8.ro,1
atalian.pl,9
airbnb.co.in,7
daikincareers.com,9
autosecuritas-barlin.fr,6
toyotadefence.com,7
aamcosouthsarasota.com,4
medef-seineetmarne.fr,1
daikinegypt.com,6
unglobalcompact.ca,2
culliganmidmichigan.com,2
lindt.fi,0
santillana.com.uy,1
mazda-autohaus-gerhard-figge-waldeck-hoeringhausen.de,8
honda-autoland.com,7
mazda-autohaus-voigtlaender-meyer-hamburg.de,8
subwaypacific.com,1
aamcopennsaukennj.com,4
airbnb.no,7
shopee.co.th,9
canonburgos.com,7
eurofins.hr,7
fattalhotelgroup.com,3
aamcophoenixville.com,4
statkraftvarme.no,2
gjw-nd.de,1
bosch-pt.com.cn,1
affidea.pl,3
mtn.ng,7
biothanesolutions.com,2
baywa-re.mx,1
renaultpatria.com.mx,7
gs1my.org,0
manpowergroup.se,0
spitexbuchs.ch,5
julis-nuernberg.de,1
pefc.fi,9
mazda.com.tr,2
chicco.ru,7
aamcowarrentonva.com,4
lightspeedhq.fr,9
spitexow.ch,5
autosecuritas-ctlp.fr,6
budgetinternational.com,7
citychain.co.th,7
overheaddoorcompanyjackson.com,2
aamcoportsmouthnh.com,4
esseskincare.nl,3
allianz.lt,0
mitsubishi-motors.com.kw,1
kia-mueller-genthin.de,1
lindt.dk,0
zkteco.in,1
savethechildren.org.za,9
aamcomilwaukieor.com,4
zktecoma.com,6
wwf.or.th,0
entergy-arkansas.com,9
santillana.com.hn,0
aamcoconyersga.com,4
veoliawatertechnologies.pl,2
atalian.hu,9
aamcolasvegas.com,7
lcvesta.nl,0
freseniuskidneycare.ph,9
mazda.es,2
toyotabakircilarfethiye.com.tr,0
catsprotectionshop.co.uk,7
aamcotwinfalls.com,4
thelocal.at,2
thebodyshop.ee,9
culliganwaterwyoming.com,2
kia.co.sz,3
aamcobearde.com,4
ajas.cz,0
airbnb.com.pe,7
dulux.pl,1
daikinchemicals.com,9
subaru.es,0
mitsubishi-motors.qa,1
aamcobristolpa.com,4
toyotasanpablo.com.ph,6
jetfriorefrigeracao.com.br,1
melgarcases.com,7
renaulttersa.com.mx,3
mazda-autopark-rath-krefeld.de,8
experian.co.nz,6
aamcobrookfieldwi.com,4
aamconorwalk.com,4
honda-bordeaux.com,1
medef-ain.fr,1
zkteco.vn,1
meggle.de,9
intersport-arc1950.com,0
atalian.be,9
duracleancarpet.com,1
bakertilly.ma,0
mazda-autohaus-elstner-jena.de,8
thebodyshop.si,9
aamcofortlauderdale-plantation.com,4
mazda-autohaus-lotspeich-muenchen.de,8
xtransfer.cn,0
mazda-autohaus-kramer-kirchberg.de,8
spitex-wasseramt.ch,5
actemium.us,1
plameco-baer.de,7
engie.de,9
lindt.de,0
isover.de,0
lamborghini-stuttgart.com,0
pingusenglish.ee,2
fleishmanhillard.mx,1
flashbay.es,9
culliganredwing.com,9
bakertilly.mu,0
ikea.com.tr,0
adra.org.pt,7
aamcomissouricitytx.com,4
veoliawatertechnologies.fr,2
reedglobal.ae,1
culliganalbionhillsdale.com,2
aamcosantacruzca.com,4
daikinafrica.com,6
avis.com.do,4
aamcodelraybeach.com,4
toyotahonduras.com,7
toyotatoyan.com.tr,0
hertz-tilburg.nl,1
spitex-appenzellerland.ch,5
adfc-radtourismus.de,2
vkf-renzel.com.tr,7
myron.ca,7
howdensafetysolutions.com,1
einhell.de,1
spiegse.com,0
plastoplan.rs,9
ovb.at,1
pilotpen.ro,9
gulfsverige.com,3
lamborghini-frankfurt.com,7
axa.ma,7
mazda-autohaus-rottmann-bottrop.de,8
veolia.pt,2
autosecuritas-ct-seysses.fr,6
culliganmichigan.com,2
gloriasportsarena.com.tr,1
hyundaicentralsales.com,0
yves-rocher.ch,0
culligantulsa.com,2
mazda-angola-autozuid.com,6
hyundai.sn,3
adecco.com.vn,7
worldvision.al,1
aamcowestpalmbeach.com,4
mazda-autocentrum-engin-holzminden.de,8
repsol.us,7
savethechildren.org.au,7
reedglobal.com.tr,1
veka.bg,0
vkf-renzel.ro,7
cdu-aldenhoven.de,1
aamcoconcordnh.com,4
aamcoindependencemo.com,6
servier.co.uk,7
misterwhat.pl,1
airbnb.co.id,7
wwf.org.nz,2
aamcoaustin-burnetrd.com,4
mazda-autohaus-albers-doerpen.de,8
bosch-pt.co.in,1
reedglobal.ch,1
adra.sk,7
cdvielectronics.com,7
gulf.lu,0
hansa-flex.co.uk,7
infiniti-bahrain.com,7
aon.co.nz,9
shopee.vn,9
toyotayatubodrum.com.tr,0
intersport.ch,0
roca.com.ar,7
kia-h-p-schiffweiler.de,1
aamcokcnorth.com,4
amway.co.jp,9
komoder.com,9
airbnb.ie,7
servier.com.pa,7
aamcochannelviewtx.com,4
santillana.com.ec,1
aamcospringfield.com,4
toyotasandikci.com.tr,0
spitex-wiggertal.ch,5
mazda-autohaus-weiss-niedernhausen.de,8
pussyspace.net,7
habitatindiana.org,9
veoliawatertechnologies.it,2
aamcotigard.com,4
actemium.ch,1
ercagroup.com.tr,7
bbraun.co,7
niproaustralia.com.au,2
aamcoscottsdaleroad.com,4
mateco.mx,1
sitechdo.com.mx,9
altriusconsulting.com,1
demeter.at,1
renaultsanzhispano.es,7
pmsgen.com,0
allianzlifechanger.com,7
bbraun.com.tr,7
mazda-autohaus-roessel-birkenau.de,8
menicon.de,1
veka.hu,0
apolloclinicguwahati.co.in,1
culliganadvantage.com,2
honda-saint-maur.com,1
howden.co.il,9
asendiausa.com,0
carglass.cz,6
wwfcz.org,3
zkteco.com.eg,7
msd-animal-health.pl,6
aamcoseattlewa.com,4
mateco-hungary.hu,1
pkfcemac.com,2
wwf.ro,7
mtn.ci,7
mazda-autohaus-lommel-grettstadt.de,8
drinkculligan.com,2
experianacademy.com,6
aamcosuffolkva.com,4
bosch-climate.com.tr,7
culliganricelake.com,2
inbeat.co,0
aamcobloomingtonil.com,7
edenred.cl,0
hansa-flex.com.cn,7
mazda-autohaus-wedding-engelskirchen-albertsth.de,8
vamdodoma.ru,7
pcllawyersfrankston.com.au,3
spitex-wuerenlos.ch,5
pefc.es,9
mazda-autohaus-stoelzel-doehlau.de,8
tchibo.cz,9
esseskincare.no,3
pirtek.eu,0
isuzuniaga.com,1
greatplacetowork.com.ve,7
kalorimeta-singen.de,6
kumon.com.hk,1
crif.hk,9
mazda.hu,2
manpowergroup.no,1
toyotamici.com.tr,0
pkf-central-america.com,2
actemium.at,1
julis-sachsenanhalt.de,1
aamcobrooklyn-atlanticave.com,4
aamcospringfieldoh.com,4
islprgac.org,1
gwaliasweets.ca,9
engieresources.com,9
aiesecargentina.org,1
aamcobronx.com,4
ymca-cnw.org,1
salvationarmyeet.org,7
mazda-autohaus-boehme-lutherstadt-wittenberg.de,8
murrelektronik.no,2
bbraun.com.tw,7
daikineastafrica.com,9
pkf.com.tr,9
mazda-autohaus-witthoeft-bad-oldesloe.de,8
daikinitalyshop.it,1
einhell.fi,1
leroymerlin.co.za,7
kia-car-center-wismar.de,1
aamcosouthloopautorepair.com,4
ibc-solar.pl,0
vitalimages.com,0
infiniti-dubai.com,7
skssweden.se,7
greatplacetowork.com.mm,7
mazda.ua,6
kumon.com.uy,7
moore.swiss,3
remax-emblema.com.ar,0
carlsjr.com.tr,4
mondialparebrise.re,2
kia-autoprodix.ru,7
spitexsense.ch,5
mazda-autohaus-mueller-und-thurnes-tholey.de,8
bakertillysek.se,9
mazda-autohaus-dohm-horn-bad-meinberg.de,8
papajohns.com.pk,6
mapfre.com.ve,0
mantruckmerchandise.co.uk,7
decathlon.com.tr,7
specialolympics.com.au,7
veolia.co.za,2
aamco-newbraunfels.com,7
meggle-bakery.com,9
carglass.rs,1
globalconnect.dk,0
synlab.ec,9
actemium.id,1
monitus.com,7
medef-alsace.com,1
drekopf-kanalservice.de,7
gulfoil.co.uk,1
mazda-autohaus-becker-homburg-bruchhof.de,8
mazda-lodz-matsuoka.pl,0
honda-melun.com,1
statkraft.ie,2
aamcocolumbus-wbroadst.com,4
bakertilly.com.ve,6
ymcaokc.org,9
mazda-autohaus-flindt-marschacht.de,8
crocssa.co.za,1
servier.com.br,9
cdlvideira.com.br,1
allianz.nl,0
murrelektronik.at,2
toyotaonatca.com.tr,0
mazda-autohaus-banaszak-wesel.de,8
intersport-crestvoland.com,9
daikinbahrain.com,6
spitex-imboden.ch,5
terradat.co.uk,7
toolstationjobs.nl,0
deheus.pl,0
decathlon.pl,7
aamcoglendaleoldtown.com,4
plameco-hannover.de,2
culligandenkerwaterconditioning.com,9
pmcorp.mx,9
aamcotransmissionpensacola.com,4
aamcoelpaso-east.com,6
pkf.co.in,7
europa-union-havelland.de,9
misterwhat.com.br,1
reedglobal.sg,1
mtn.co.sz,6
suttontools.co.nz,3
linexofmacon.com,0
crif.pl,9
greatplacetowork.es,7
stampinup.uk,0
aamcosandiego-miramar.com,4
metlife.com.bd,1
mazda.lv,6
aamcodelran.com,4
toysrus.com.ph,0
renault.com.my,1
aamcofontanaca.com,4
k-startupcenter.org,9
scte-prod.herokuapp.com,7
servier.si,7
cinnabon-egypt.com,3
carlsjr.com.my,9
renaultmonterrey.com,7
cinnabonrussia.com,0
altenromania.ro,3
aon.lv,3
edenred.es,9
culligantotalwateriowa.com,2
titancontainers.co.nz,3
pragroup.de,1
siebtechnik-tema.cn,3
vans.co.nz,1
overheaddoorfayetteville.com,2
narscosmetics.co.uk,7
fleishmanhillard.cz,1
aamcotulsa-harvard.com,4
servier.gr,7
pirtek.se,0
saint-gobain.com.co,1
mazda-autohaus-wuttke-gummersbach.de,8
mazda-autohaus-torp-wilhelmshaven.de,8
linde-electronics.com,7
mazda-autohaus-roeser-grossmaischeid.de,8
ebay.cn,1
enterprise.si,0
msd-animal-health.co.uk,6
veolia.am,2
oilfieldequipments.us,3
plameco.nl,1
isover.hu,1
airbnb.cz,7
culliganstlouis.com,2
isover.co.kr,1
colorflexpackaging.com,7
thebodyshop.bg,6
brother.co.il,7
servier.bg,7
bbraun.lv,7
toyotasud.ro,1
cdlbarreiras.com.br,3
bakertilly.com.kh,7
atalian.nl,1
spitexkaiseraugst.ch,5
msd.es,6
culliganwi.com,2
demeterschmid.de,6
toyotaoztoprakhatay.com.tr,0
mazda-autohaus-klein-bietigheim-bissingen.de,8
kia.com.co,1
actemium.sk,1
williamblairfunds.com,7
isic.bg,7
berlitzhautsdefrance.fr,3
kia-duerkop-hannover.de,1
mercyships.ch,1
modshair-braunschweig.de,9
daikintexastechnologypark.com,9
malerasstockholm.se,6
bakertilly.ng,0
ford.vn.ua,7
shimadzu.com.br,7
camesoluciones.com,1
spitex-rothenburg.ch,5
ymcawaycross.com,9
aamcoyumaaz.com,7
thelocal.no,2
aamcolexingtonwest.com,4
aamcoviennava.com,4
nepaltrust.gov.np,0
esseskincare.hk,7
habitatns.ca,6
jungheinrich.com.sg,9
bees-sport.nl,0
jscosccha.com,9
saint-gobain.al,1
albatroslogistic.ma,0
aamcopembroke.com,4
lindt.cz,0
mitsubishi-motors.com.om,1
hertz-autopozicovna.sk,1
julis-bayern.de,1
kia-poeschl-bensheim.de,1
cfmotoitaly.it,0
kia-crimea.ru,7
aamcohamptonva.com,4
saint-gobain-glass.es,9
carlsjrmerida.com,9
vkf-renzel.bg,7
aamcosantaclaritaca.com,4
worldvision.org.nz,1
entergy-mississippi.com,9
renaultchiapas.com.mx,7
pkf-l.com,1
intersport.be,0
kia-ahs-roehrnbach.de,1
freseniuskidneycare.com,9
aamcosanrafaelca.com,4
aamcoeastbrunswick.com,4
bauwerk-group.hr,3
hertz.am,0
msdinsight.no,6
techmatrix-asia.com,0
aamcoscottsdaleairpark.com,4
ikea.is,0
pefc.cl,9
linexps.com,1
mazda-autohaus-hellwig-hoyerswerda.de,8
vbh.cz,1
subaru.nc,0
intersport.com.tr,7
roca.co.th,7
linexaus.com.au,7
thelocal.es,2
honda-lorient.com,1
culligancentralindiana.com,2
solatube.pt,7
veoliawatertechnologies.es,2
jdm.com.pe,7
toyotaalbania.al,7
cgparivarconstruction.com,9
lamborghini-zh.ch,6
wingarc.com.au,7
jungheinrich.com.br,9
murrelektronik.cz,2
starkeypro.de,0
cdljovem.org.br,1
castsoftware.it,0
bbraun.ca,7
aeccglobal.sg,6
fleishmanhillard.co.id,1
cdvi.ca,0
besins-healthcare.com.mx,1
europa-union-hessen.de,9
spitextg.ch,5
ebay.it,6
wurth.com.mk,6
ecotec-usa.com,1
bonprix.nl,2
aamcofortlauderdale-dixiehwy.com,4
spitex-regiokirchspiel.ch,5
veoliawatertechnologies.fi,2
airbnb.ru,7
duluxarabia.com,1
veolia.de,2
athora.nl,7
mazdalanka.lk,7
airbnb.hu,7
kia.com.cy,1
fluidmasteruk.com,9
job-impulse.us,7
aamcomanchesterct.com,4
ardex.at,3
mazda-autohaus-tietje-holmb-wedel.de,8
carter-benson.com,7
edenred.hu,9
adecco.de,9
ebay.pl,6
foxinaboxgoldcoast.com,9
carlsjr.es,9
sourceadvisors.co.uk,0
kapanfastigheter.se,9
mazda-warszawa-odyssey.pl,0
bakertilly.site,7
goliathgames.es,7
baywa-re.com.au,1
duraclean.us,7
bakertilly.it,0
gs1al.org,0
ebay.co.kr,1
compo.de,0
honda-reims.com,1
pearson.com.cn,4
nobleprog.co.th,7
lamborghini-berlin.com,7
honda-chateauroux.com,1
nexi.hr,1
h2oinnovation.mx,9
bestdrive.fi,0
rotarypublicschool.org,2
renaultvercammen.be,0
renaultpatriotismo.com.mx,7
chauffeurstelefoon.nl,1
aamcomiami-birdroad.com,4
mazda-autohaus-wagner-dortmund.de,8
aamcocarync.com,4
manpowergroup.gr,0
aamcolakeforestca.com,4
veolia.es,2
mazda-autohaus-kalina-gelsenkirchen.de,8
tapflo.kz,1
actemium.es,1
mazda-autohaus-ehrlich-aschaffenburg.de,8
entergy-louisiana.com,9
adecco.com.sg,7
kia-dresen-neuss.de,1
cvjm-muenchberg.de,1
aamcopomonaca.com,4
anadolumedicalcenter.al,1
ardex.pl,3
srpb2b.com,1
aamcomiddletownny.com,4
pkf.sk,1
husse.hu,9
gulf-japan.com,0
subaru.lu,7
spitex-regionbirs.ch,5
cfmotoperu.com,6
unitecnica-us.com,1
yves-rocher.nl,0
aviabienert.de,1
renaultpuertovallarta.com.mx,7
aamcofortworth.com,4
greatplacetowork.co.kr,7
renaultzaragoza.com,7
dolcevita.ca,7
toyota-indus.com,7
funiber.cm,7
reedglobal.pl,1
pefc.dk,9
tasuki-holdings.co.jp,1
goliathgames.com,7
bbraun.com.vn,7
culliganbetterwater.com,2
bakertilly.lu,0
wwf.no,7
aamcohuntingtonbeachca.com,4
giacomini.cz,9
spitexampuls.ch,5
ptsv-hof-minigolf.de,7
meggle-cheese.com,9
aamcoconwaysc.com,7
einhell.bg,1
miniso.com.ec,7
aamcorandallstownmd.com,4
aamcogastonianc.com,7
funiber.ml,7
demeter.it,1
asendia.dk,0
aamcoeverett.com,4
jungheinrich.in,9
murrelektronik.pl,2
esseskincare.co.uk,3
jungheinrich.com.au,9
desjoyaux.de,7
mycabin.ie,6
tracybookshop.com,7
leekeswindows.co.uk,1
pearsonclinical.fr,0
desjoyauxgh.com,1
foxinaboxgraz.at,9
funiber.org.co,7
aamco-taylorsvilleut.com,4
kiacadca.sk,3
svnahia.com,2
hometowninsurance.us,7
worldvision.cl,1
mersen.jp,7
demeter-bw.de,9
exertisztorm.com,7
autosecuritas-ct-notre-dame-doe.fr,6
seasonsrehab.in,9
tescomobile.sk,9
secureparking.co.id,1
lindt.jp,0
africell.ao,7
medef-aura.fr,1
jdimmigration.es,1
asendia.sg,0
teztour.lt,7
lindt.ch,0
veka.com.sg,3
hofmann-personal.cz,0
aamcoseguin.com,7
aamcobrooklyn-ralphave.com,4
clarksonhyde.it,7
grantthornton.com.pa,7
cfmoto-larissa.gr,6
mazda-autohaus-schmidt-meschede.de,8
mateco.nl,1
spitex-regiowittenbach.ch,5
mazda-autohaus-buelo-naumburg.de,8
nikonimgsupport.com,7
mazda-autohaus-baumgart-altensteig.de,8
intersport.hu,9
cdvibenelux.com,0
nexicentraleurope.com,1
compo-hobby.it,0
eccreditcontrol.com.au,9
toyotanorthedsa.com,7
amway.de,1
entergy-neworleans.com,9
modshair-stuttgart.de,1
ymcaswv.com,9
renaulttlalnepantla.com.mx,7
airbnb.si,7
bakertilly.com.cy,3
greatplacetowork.be,7
equansservices.com,0
secureparkingusa.com,1
mazda-autohaus-dorner-riedlingen.de,8
aamcoroslindalema.com,4
experian.co.uk,1
algeco.be,1
inductotherm.com.cn,9
pragroup.com.au,1
daikin-ce.com,6
pkf-hk.com,2
shelterstation.com.au,1
invisalign.fr,7
daikin-iraq.com,6
culligantoledo.com,2
dairyqueenobx.com,7
yves-rocher.it,7
zkteco.com.pk,1
bbraun-vetcare.pt,7
shopee.com.co,9
intersport-courchevel1550.com,0
axa-assistance.ma,3
aamco-bellevue.com,7
mercyships.org.au,7
spitexaadorf.ch,0
aamcostuartfl.com,4
novonordisk.my,9
spitex-gersau.ch,5
engie-africa.com,3
linde-amt.com,0
medefloire.fr,1
trulynolencampogrande.com.br,3
mazda-automobile-maier-cham.de,8
dopplerumbrellas.com.au,7
algeco.si,1
zkteco.com.bd,1
mazda-sosnowiec-mirai.pl,0
bauder.lt,6
isuzu-vietnam.com,7
culliganwooster.com,2
toyota.co.tz,6
kia.am,7
murrelektronik.se,2
getscsadmin.com,7
intertongn.es,1
bosch-industry-consulting.com,7
aamcolancasterca.com,4
aamcohouston-veteransmemorial.com,4
chicco.com.tr,7
worldoptionsgh.com.au,9
venturelightingme.com,1
pkfkerikeri.co.nz,6
freeportwestselfstorage.com,7
airbnb.com.ar,7
mazda.si,2
mercanta.de,9
kia-levy-wittenberg.de,1
meggle.co.jp,9
honda-villebon.com,1
bbraun.se,7
atalian.sk,9
toyotaborovali.com.tr,0
soventix.cl,9
crif.sk,9
europcar.rs,1
cdlcampina.org.br,0
monster.at,9
toshiba-water.com,6
savethechildren.mx,9
spie-energotest.pl,9
demeter-im-norden.de,9
aamcoconcord.com,4
orange.cm,1
mazda-autohaus-schmidt-oschatz.de,8
strabag-pfs.com,1
azets.ie,9
aamcomarietta-cobbparkway.com,4
carlsjr-russia.ru,9
einhell.hr,1
hondatygerberg.co.za,1
specialistnutrition.us,1
kiaspringfield.co.za,7
shahshalalfood.com,1
bnpparibasdeveloppement.com,7
shercomotorcycles.it,1
misterwhat.nl,1
benefitsystems.hr,9
fordmediacenter.nl,3
svncredit.ro,1
mtn.cg,6
nobleprog.com.ar,7
aamcoelcajon.com,4
greatplacetowork.com.cy,7
culligannation.com,2
kawasaki-magdeburg.de,6
toyotadolak.cz,1
aamcobridgewater.com,4
cfmoto.com.br,9
solatube.si,3
toyota-saint-victoret.com,0
actemium.se,1
infiniti-azerbaijan.com,7
murrelektronik.fi,2
cdvi.se,0
sprachschule-aktiv-kaiserslautern.de,1
intersport.com.au,9
bosch-industrial.com,7
culliganallegan.com,2
rotaryclubdelima.org,7
bauder.ag,6
greatplacetowork.com.au,7
martinavenueshops.com,6
veolia.com.ru,2
ymca-ywca.org,9
servier.vn,7
cardif.pl,7
veolia.bg,2
kia-kurt-recklinghausen.de,1
rubiomonocoatusa.com,7
titancontainers.dk,3
compo.pl,0
mazda-autohaus-schwenke-duisburg.de,8
mersen.in,7
ibc-solar.es,0
santillana.com.sv,0
cazenovecapital.com,7
aamcocoronaca.com,4
saint-gobain.mk,1
metlife.com.ar,1
honda.com.bd,7
aamcofuquayvarinanc.com,7
newson-gale.co.uk,0
reallifeconcepts.co.za,7
habitat.hu,0
nexi.gr,1
subaru.eu,7
adra.nl,0
bbraun.nl,7
poliform-spb.ru,7
ymcachicago.org,1
chicco.com.mx,7
eftech-international.com,9
aamcorockvillemd.com,4
bbraun.rs,7
greatplacetowork.pt,7
affidea.lt,9
inductotherm-group-france.fr,9
cdltresrios.com.br,1
avia-ramonville.fr,1
greatplacetowork.com.sg,7
isover.be,1
narscosmetics.es,7
mitsubishielectric-printing.com,1
amway.fr,1
culliganlansing.com,2
kia-chita.ru,7
remax-go.com.ar,7
anotherbrokeneggfranchise.com,6
kalyanmachines.com,9
aonsolutions.gr,1
toyota.com.mk,7
cdviplastics.com,7
job-impulse.sk,7
nutricia.be,9
honda-rouen.com,1
aamcocolumbus-clevelandave.com,4
bakertilly.ke,9
sto-sea.com,1
bbraun.lt,7
secureparkinghi.com,1
scoutaerialafrica.com,9
kia-guadeloupe.com,1
greatplacetowork.ch,7
aamcoescondido.com,4
mazda-autohaus-ludwig-halle-neustadt.de,8
greatplacetowork.com.co,7
mazda-autohaus-gruendel-doerth.de,8
spitex-region-stockhorn.ch,5
bonprix-fl.be,2
synlab.mk,7
lightspeedhq.mx,9
titancontainers.us,3
culliganofpeoria.com,2
pragroup.pl,1
aamcoantiochca.com,4
mazda-autohaus-misch-uebach-palenberg.de,8
pearsonclinical.com.au,0
advocarewdp.com,6
culliganminneapolis.com,2
aamcosanbernardinoca.com,4
aamcocovinaca.com,4
bestdrive.ie,3
daikin.ru,6
aamcooverlandpark.com,4
pkf.com.cy,2
bosch-pt.com.my,1
veolianorthamerica.com,2
nobleprog.com.eg,7
mazdadesherbrooke.com,0
bakertillygh.com,0
kia-daehn-goeritz.de,1
kierpensions.co.uk,1
lamborghinimontreal.com,0
grantthornton.do,7
aamcomanassasva.com,4
lidl-voyages.fr,7
rutscherlebnis.at,7
asendia.at,0
siiora.org,1
amnesty.is,1
algeco.pt,1
cinnabon.pk,0
blackroll.com.pl,1
kumon.com.ar,7
aamcoreynoldsburgoh.com,4
aamcomorenovalley.com,4
aamcocantonga.com,4
kind-der-stadt.at,0
salvationarmy.org.my,7
roca.co.id,7
ibc-solar.it,0
mazda-autohaus-w-k-kamen.de,8
msd-animal-health.com.au,6
benu.lt,1
bakertilly.bg,3
nordicpharma.fr,6
stampinup.ca,0
cbrain.com,9
spitex-rotbachtal.ch,5
spitex-see-lac.ch,5
delreg.com,7
hertz.com.ge,0
kia-settele-neu-ulm.de,1
baywa-re.es,1
culliganh2o.com,2
mazda-ma.com,7
mazda-autohaus-hohenfeld-dinslaken.de,8
daikin-ksa.com,6
lindt.co.za,0
skoda-nancy.fr,7
cinnabon-ksa.com,7
kia-vogt-finningen.de,1
pearsonactivelearn.com,7
airbnb.com.au,7
pilotpen.it,9
mazda.co.me,1
nikon.co.th,7
veolia.co.uk,2
anderson-negele-gmbh.ru,9
gs1.ro,1
bbraun.ae,7
toyota.com.np,6
pragroup.fi,1
aamcolaurelmd.com,4
culligansiouxcity.com,2
hennessyfunds.com,1
experian.com.hk,6
engie.cl,7
linexswfl.com,1
kia.com.np,1
renaultmerida.com.mx,7
aamcooaklandca.com,4
spitexgraenichen.ch,5
benu.ee,1
pilotpen.co.uk,9
ovb.ro,1
sherwin-williams.com.ec,9
deheus.pt,0
aamcopottstownpa.com,4
mapfre.com.gt,0
savethechildren.or.id,0
murrelektronik.ch,2
eurotradus.eu,7
mazda.ru,7
mersen.hu,7
aamcocatonsvillemd.com,4
funiber.ci,7
mazda-autohaus-bolluck-goslar.de,8
pkf.jo,9
aamcoeastonpa.com,4
cvjm-muensingen.de,0
decathlon-karriere.de,7
honda-cannes.com,1
axa-assistance.cz,7
bauder.at,6
affidea.ch,9
nordicpharma.pt,6
deheus.com.vn,0
ymcasf.org,9
axabreakdown.co.uk,9
aamcola-culvercity.com,4
vbh.ro,1
bbraun.com.ar,7
keytitlegroupsa.com,6
topdoctors.cl,7
linde.pe,0
starbucks.co.nz,7
mapfre.com.py,0
meniconamerica.com,1
bbraun.mx,7
culligantotalwaterbaraboo.com,2
medef-dromeardeche.fr,1
mazda-autohaus-tabbouch-speyer.de,8
bioderma.co.za,1
mitsubishielectric.cz,1
murrelektronik.it,2
axa.com.br,9
isover.se,1
ford.lviv.ua,7
nutriciababy.be,2
thelocal.it,9
spitex-region-zofingen.ch,5
hertz.com.cy,1
actemium.it,1
daikin.mk,6
menicon.fr,1
aamcoclaymontde.com,4
mazda-autohaus-behrens-magdeburg-ottersleben.de,8
ibc-solar.nl,0
spitex-hoefe.ch,5
aamcostatenisland.com,4
aamcofremontca.com,4
jungheinrich.co.nz,9
asendia.it,0
ardexbuildingproducts.ie,3
einhell.com.ar,1
carlsjr.com.mx,9
sitech.fi,9
medef71.com,1
bakertilly.se,0
toyotaefe.com.tr,0
jollibee.com.bn,7
viacon.no,6
new-beauty.com,9
culligangrandrapids.com,2
aamco-omahasouth.com,7
metlifetakealongdental.com,1
toyotaparmaksizlar.com.tr,0
dfsk.tn,1
einhell.rs,1
aamcofeastervillepa.com,4
meyersound.de,1
culliganlasvegas.com,2
carlsjr.co.nz,1
vispiron.systems,0
starbucks.com.sg,7
nelsonlabsbozeman.com,7
mazda-autohaus-huck-buehl.de,8
mazda-rzeszow-czach.pl,0
msd-animal-health.it,6
mazda-autohaus-grasdanner-holzkirchen.de,8
kia-ds-lampertheim.de,1
overheaddoorofterrehaute.com,7
tbwa.com.hk,1
trulynolenpiaui.com.br,3
pragroup.at,1
servier.com.ar,7
rotary.hr,9
monster.ie,9
bbraun.pk,7
culliganwheaton.com,2
rotary5960.org,7
premiumproperties.com,1
honda-toulouse.com,1
servier.nl,7
subwayfrance.fr,9
intersport.cz,9
compo.es,0
wwf.org,7
intersport.nl,0
orange.md,6
renaultcampeche.mx,7
kamic.fi,9
bakertilly.no,0
toyotayigitvar.com.tr,0
stocanada.com,3
aamcosalemor.com,4
actemium.com.br,1
pkfsingapore.com,2
linde-gas.fr,0
cpi-print.com,6
funiber.sn,7
titancontainers.ie,3
saint-gobain-glass.co.uk,9
gulfoilchina.com,1
enterprise.com.ar,7
mtn.com.gh,6
servier.es,7
asieris.com,9
soneparthailand.com,0
algeco.com,9
mazda-autohaus-heider-dresden.de,8
kumon.com.bo,7
xwiftracingevents.be,1
isover.it,0
skoda-metz.fr,7
aamcophoenixmaryvale.com,4
culliganwaterwestbend.com,2
toyotabucurestinord.ro,1
mazda-autohaus-wilhelm-huellhorst.de,8
century21viaplus.be,7
immunospot.eu,9
roca.fr,7
aamcoutah.com,6
adeccogroupfoundationus.org,6
aamcoreadingpa.com,4
kern-liebers.it,1
airbnb.com.co,7
atalian.cz,9
bakertilly.es,0
renault.no,7
kia-fischer-cottbus.de,1
hansa-flex.us,9
spitexlueg.ch,9
mazda-autohaus-gollan-hamm.de,8
einhell.com.gr,1
msmode.lu,6
mazda-autohaus-dittrich-genthin-huettermuehle.de,8
hyundaiofchatham.ca,7
gs1ec.org,7
roca.it,7
trikonclinicalwaste.co.uk,7
aamconewportnews.com,4
dulux.com.sg,1
mercyships.nl,7
tectake.it,1
rotary7610.org,0
lindt.se,0
aamcoburbank.com,4
eru.com.ua,7
rotary7620.org,7
spitexzug.ch,5
budget-ireland.co.uk,1
mazda-autohaus-wassing-ahaus-wuellen.de,8
casaaurorasupermercados.com.br,7
sonepar.cz,9
habitatmichigan.org,3
panpuri.fr,3
kia-fugel-dresden.de,1
toyota.bo,1
peach.immo,6
aamcomcallen.com,4
sto.com.tr,1
aamcocedarparktx.com,4
tgmresearch.vn,0
culligantotalwater.com,2
adra.fr,0
kia-christ-ansbach.de,1
inductothermhw.com,0
job-impulse.co.jp,1
einhell.ch,1
benu.ch,7
toyota.ae,6
spitex-aarenord.ch,5
fortprousa.com,1
toyotayatumugla.com.tr,0
plastoplan.com,9
amway.at,1
honda-grenoble.com,1
sitech-ws.com,1
aamcodowneyca.com,4
murrelektronik.ro,2
innolytics.net,9
aamcocentraltampa.com,4
internationalsos.co.jp,0
amnesty.lu,1
furuno.it,7
veolia.nl,2
msd-animal-health.be,9
sitech.ch,7
bakertilly.ba,9
hondabintang.com,7
sonepar.co,9
pigtailsandcrewcutsfranchise.com,1
repsol.fr,7
ekartlogistics.in,2
toyotaaktoy.com.tr,0
greatplacetowork.at,7
affidea.pt,9
batistareisfloresonline.com.br,2
greatplacetowork.se,7
rsmpoland.pl,1
brother-slovakia.sk,3
inductotherm.co.kr,9
menicon.nl,1
budget.co.ao,7
kia-brueggemann-brandenburg.de,1
aamcolongbeachca.com,4
gjw-hessen.de,1
compo-group.com,0
lindt.es,0
demetercs.eu,0
goliathgames.de,7
honda-mulhouse.com,1
jungheinrich.co.za,9
whirlpool.com.sg,7
aamcokellertx.com,4
culliganmonroe.com,2
amway.ch,1
